qasm,arch,seed,timeout,depth,swaps
graycode6_47,ibmq_tokyo.arch,1,60,7,3
graycode6_47,ibmq_tokyo.arch,3,60,7,3
graycode6_47,ibmq_tokyo.arch,5,60,7,3
graycode6_47,ibmq_tokyo.arch,2,60,6,3
graycode6_47,ibmq_tokyo.arch,4,60,6,3
graycode6_47,ibmq_tokyo.arch,6,60,7,3
graycode6_47,ibmq_tokyo.arch,7,60,5,3
graycode6_47,ibmq_tokyo.arch,8,60,6,3
graycode6_47,ibmq_tokyo.arch,9,60,7,3
graycode6_47,ibmq_tokyo.arch,10,60,5,3
xor5_254,ibmq_tokyo.arch,1,60,10,5
xor5_254,ibmq_tokyo.arch,3,60,9,5
xor5_254,ibmq_tokyo.arch,2,60,10,5
xor5_254,ibmq_tokyo.arch,4,60,10,5
xor5_254,ibmq_tokyo.arch,5,60,10,5
xor5_254,ibmq_tokyo.arch,7,60,9,5
xor5_254,ibmq_tokyo.arch,6,60,10,5
xor5_254,ibmq_tokyo.arch,9,60,9,5
xor5_254,ibmq_tokyo.arch,10,60,10,5
xor5_254,ibmq_tokyo.arch,8,60,10,5
ex1_226,ibmq_tokyo.arch,1,60,10,5
ex1_226,ibmq_tokyo.arch,3,60,9,5
ex1_226,ibmq_tokyo.arch,2,60,10,5
ex1_226,ibmq_tokyo.arch,4,60,10,5
ex1_226,ibmq_tokyo.arch,5,60,10,5
ex1_226,ibmq_tokyo.arch,6,60,10,5
ex1_226,ibmq_tokyo.arch,7,60,9,5
ex1_226,ibmq_tokyo.arch,8,60,10,5
ex1_226,ibmq_tokyo.arch,9,60,9,5
ex1_226,ibmq_tokyo.arch,10,60,10,5
4gt11_84,ibmq_tokyo.arch,2,60,15,4
4gt11_84,ibmq_tokyo.arch,1,60,14,4
4gt11_84,ibmq_tokyo.arch,5,60,13,4
4gt11_84,ibmq_tokyo.arch,6,60,14,4
4gt11_84,ibmq_tokyo.arch,7,60,14,4
4gt11_84,ibmq_tokyo.arch,8,60,14,4
4gt11_84,ibmq_tokyo.arch,9,60,13,4
4gt11_84,ibmq_tokyo.arch,3,60,14,4
4gt11_84,ibmq_tokyo.arch,4,60,13,4
4gt11_84,ibmq_tokyo.arch,10,60,14,4
ex-1_166,ibmq_tokyo.arch,1,60,16,3
ex-1_166,ibmq_tokyo.arch,3,60,15,3
ex-1_166,ibmq_tokyo.arch,5,60,16,3
ex-1_166,ibmq_tokyo.arch,6,60,16,3
ex-1_166,ibmq_tokyo.arch,4,60,16,3
ex-1_166,ibmq_tokyo.arch,7,60,15,3
ex-1_166,ibmq_tokyo.arch,8,60,15,3
ex-1_166,ibmq_tokyo.arch,2,60,15,3
ex-1_166,ibmq_tokyo.arch,9,60,15,3
ex-1_166,ibmq_tokyo.arch,10,60,15,3
4mod5-v0_20,ibmq_tokyo.arch,1,60,13,4
4mod5-v0_20,ibmq_tokyo.arch,2,60,13,4
4mod5-v0_20,ibmq_tokyo.arch,3,60,13,4
4mod5-v0_20,ibmq_tokyo.arch,4,60,13,4
4mod5-v0_20,ibmq_tokyo.arch,5,60,13,4
4mod5-v0_20,ibmq_tokyo.arch,6,60,13,4
4mod5-v0_20,ibmq_tokyo.arch,7,60,13,4
4mod5-v0_20,ibmq_tokyo.arch,8,60,13,4
4mod5-v0_20,ibmq_tokyo.arch,9,60,13,4
4mod5-v0_20,ibmq_tokyo.arch,10,60,13,4
ham3_102,ibmq_tokyo.arch,1,60,16,4
ham3_102,ibmq_tokyo.arch,3,60,17,4
ham3_102,ibmq_tokyo.arch,4,60,16,4
ham3_102,ibmq_tokyo.arch,2,60,17,4
ham3_102,ibmq_tokyo.arch,5,60,17,4
ham3_102,ibmq_tokyo.arch,6,60,17,4
ham3_102,ibmq_tokyo.arch,7,60,17,4
ham3_102,ibmq_tokyo.arch,8,60,17,4
ham3_102,ibmq_tokyo.arch,9,60,16,4
ham3_102,ibmq_tokyo.arch,10,60,17,4
4mod5-v1_22,ibmq_tokyo.arch,3,60,16,5
4mod5-v1_22,ibmq_tokyo.arch,1,60,16,5
4mod5-v1_22,ibmq_tokyo.arch,2,60,17,5
4mod5-v1_22,ibmq_tokyo.arch,4,60,16,5
4mod5-v1_22,ibmq_tokyo.arch,5,60,17,5
4mod5-v1_22,ibmq_tokyo.arch,6,60,15,5
4mod5-v1_22,ibmq_tokyo.arch,7,60,17,5
4mod5-v1_22,ibmq_tokyo.arch,8,60,16,5
4mod5-v1_22,ibmq_tokyo.arch,9,60,16,5
4mod5-v1_22,ibmq_tokyo.arch,10,60,17,5
mod5d1_63,ibmq_tokyo.arch,1,60,17,6
mod5d1_63,ibmq_tokyo.arch,3,60,17,6
mod5d1_63,ibmq_tokyo.arch,5,60,17,6
mod5d1_63,ibmq_tokyo.arch,6,60,17,6
mod5d1_63,ibmq_tokyo.arch,7,60,18,6
mod5d1_63,ibmq_tokyo.arch,8,60,18,6
mod5d1_63,ibmq_tokyo.arch,2,60,17,6
mod5d1_63,ibmq_tokyo.arch,9,60,18,6
mod5d1_63,ibmq_tokyo.arch,4,60,17,6
mod5d1_63,ibmq_tokyo.arch,10,60,17,6
4gt11_83,ibmq_tokyo.arch,3,60,16,5
4gt11_83,ibmq_tokyo.arch,2,60,16,5
4gt11_83,ibmq_tokyo.arch,4,60,16,5
4gt11_83,ibmq_tokyo.arch,1,60,16,5
4gt11_83,ibmq_tokyo.arch,5,60,16,5
4gt11_83,ibmq_tokyo.arch,6,60,16,5
4gt11_83,ibmq_tokyo.arch,7,60,16,5
4gt11_83,ibmq_tokyo.arch,8,60,16,5
4gt11_83,ibmq_tokyo.arch,9,60,16,5
4gt11_83,ibmq_tokyo.arch,10,60,16,5
4gt11_82,ibmq_tokyo.arch,1,60,22,7
4gt11_82,ibmq_tokyo.arch,3,60,22,7
4gt11_82,ibmq_tokyo.arch,4,60,22,7
4gt11_82,ibmq_tokyo.arch,2,60,22,7
4gt11_82,ibmq_tokyo.arch,5,60,22,7
4gt11_82,ibmq_tokyo.arch,6,60,22,7
4gt11_82,ibmq_tokyo.arch,7,60,22,7
4gt11_82,ibmq_tokyo.arch,8,60,22,7
4gt11_82,ibmq_tokyo.arch,9,60,22,7
4gt11_82,ibmq_tokyo.arch,10,60,22,7
rd32-v0_66,ibmq_tokyo.arch,3,60,28,8
rd32-v0_66,ibmq_tokyo.arch,1,60,28,8
rd32-v0_66,ibmq_tokyo.arch,5,60,26,8
rd32-v0_66,ibmq_tokyo.arch,4,60,28,8
rd32-v0_66,ibmq_tokyo.arch,6,60,27,8
rd32-v0_66,ibmq_tokyo.arch,7,60,27,8
rd32-v0_66,ibmq_tokyo.arch,8,60,28,8
rd32-v0_66,ibmq_tokyo.arch,9,60,26,8
rd32-v0_66,ibmq_tokyo.arch,2,60,27,8
rd32-v0_66,ibmq_tokyo.arch,10,60,27,8
mod5mils_65,ibmq_tokyo.arch,1,60,23,6
mod5mils_65,ibmq_tokyo.arch,2,60,23,6
mod5mils_65,ibmq_tokyo.arch,5,60,23,6
mod5mils_65,ibmq_tokyo.arch,3,60,23,6
mod5mils_65,ibmq_tokyo.arch,4,60,23,6
mod5mils_65,ibmq_tokyo.arch,6,60,23,6
mod5mils_65,ibmq_tokyo.arch,7,60,23,6
mod5mils_65,ibmq_tokyo.arch,8,60,23,6
mod5mils_65,ibmq_tokyo.arch,9,60,23,6
mod5mils_65,ibmq_tokyo.arch,10,60,23,6
4mod5-v0_19,ibmq_tokyo.arch,1,60,23,5
4mod5-v0_19,ibmq_tokyo.arch,2,60,23,5
4mod5-v0_19,ibmq_tokyo.arch,4,60,23,5
4mod5-v0_19,ibmq_tokyo.arch,5,60,24,5
4mod5-v0_19,ibmq_tokyo.arch,6,60,24,5
4mod5-v0_19,ibmq_tokyo.arch,7,60,24,5
4mod5-v0_19,ibmq_tokyo.arch,8,60,24,5
4mod5-v0_19,ibmq_tokyo.arch,9,60,23,5
4mod5-v0_19,ibmq_tokyo.arch,10,60,24,5
4mod5-v0_19,ibmq_tokyo.arch,3,60,24,5
3_17_13,ibmq_tokyo.arch,1,60,29,7
3_17_13,ibmq_tokyo.arch,3,60,29,7
3_17_13,ibmq_tokyo.arch,2,60,29,7
3_17_13,ibmq_tokyo.arch,4,60,28,7
3_17_13,ibmq_tokyo.arch,5,60,29,7
3_17_13,ibmq_tokyo.arch,7,60,29,7
3_17_13,ibmq_tokyo.arch,6,60,29,7
3_17_13,ibmq_tokyo.arch,8,60,28,7
3_17_13,ibmq_tokyo.arch,9,60,30,7
3_17_13,ibmq_tokyo.arch,10,60,28,7
rd32-v1_68,ibmq_tokyo.arch,1,60,29,8
rd32-v1_68,ibmq_tokyo.arch,3,60,28,8
rd32-v1_68,ibmq_tokyo.arch,4,60,29,8
rd32-v1_68,ibmq_tokyo.arch,5,60,28,8
rd32-v1_68,ibmq_tokyo.arch,2,60,29,8
rd32-v1_68,ibmq_tokyo.arch,6,60,28,8
rd32-v1_68,ibmq_tokyo.arch,7,60,29,8
rd32-v1_68,ibmq_tokyo.arch,10,60,29,8
rd32-v1_68,ibmq_tokyo.arch,8,60,27,8
rd32-v1_68,ibmq_tokyo.arch,9,60,28,8
4mod5-v1_24,ibmq_tokyo.arch,3,60,25,7
4mod5-v1_24,ibmq_tokyo.arch,1,60,24,7
4mod5-v1_24,ibmq_tokyo.arch,2,60,27,7
4mod5-v1_24,ibmq_tokyo.arch,4,60,25,7
4mod5-v1_24,ibmq_tokyo.arch,5,60,26,7
4mod5-v1_24,ibmq_tokyo.arch,6,60,25,7
4mod5-v1_24,ibmq_tokyo.arch,8,60,24,7
4mod5-v1_24,ibmq_tokyo.arch,9,60,27,7
4mod5-v1_24,ibmq_tokyo.arch,7,60,26,7
4mod5-v1_24,ibmq_tokyo.arch,10,60,25,7
alu-v0_27,ibmq_tokyo.arch,1,60,26,8
alu-v0_27,ibmq_tokyo.arch,3,60,25,8
alu-v0_27,ibmq_tokyo.arch,4,60,26,8
alu-v0_27,ibmq_tokyo.arch,5,60,26,8
alu-v0_27,ibmq_tokyo.arch,6,60,27,8
alu-v0_27,ibmq_tokyo.arch,2,60,26,8
alu-v0_27,ibmq_tokyo.arch,7,60,27,8
alu-v0_27,ibmq_tokyo.arch,8,60,26,8
alu-v0_27,ibmq_tokyo.arch,9,60,27,8
alu-v0_27,ibmq_tokyo.arch,10,60,25,8
alu-v2_33,ibmq_tokyo.arch,1,60,29,9
alu-v2_33,ibmq_tokyo.arch,3,60,28,9
alu-v2_33,ibmq_tokyo.arch,2,60,27,9
alu-v2_33,ibmq_tokyo.arch,4,60,26,9
alu-v2_33,ibmq_tokyo.arch,5,60,29,9
alu-v2_33,ibmq_tokyo.arch,6,60,27,9
alu-v2_33,ibmq_tokyo.arch,7,60,29,9
alu-v2_33,ibmq_tokyo.arch,8,60,29,9
alu-v2_33,ibmq_tokyo.arch,9,60,29,9
alu-v2_33,ibmq_tokyo.arch,10,60,29,9
alu-v4_37,ibmq_tokyo.arch,1,60,27,8
alu-v4_37,ibmq_tokyo.arch,4,60,28,8
alu-v4_37,ibmq_tokyo.arch,3,60,27,8
alu-v4_37,ibmq_tokyo.arch,2,60,27,8
alu-v4_37,ibmq_tokyo.arch,5,60,27,8
alu-v4_37,ibmq_tokyo.arch,6,60,27,8
alu-v4_37,ibmq_tokyo.arch,7,60,27,8
alu-v4_37,ibmq_tokyo.arch,8,60,27,8
alu-v4_37,ibmq_tokyo.arch,9,60,27,8
alu-v4_37,ibmq_tokyo.arch,10,60,26,8
alu-v3_35,ibmq_tokyo.arch,1,60,25,6
alu-v3_35,ibmq_tokyo.arch,3,60,24,6
alu-v3_35,ibmq_tokyo.arch,2,60,24,6
alu-v3_35,ibmq_tokyo.arch,4,60,24,6
alu-v3_35,ibmq_tokyo.arch,5,60,23,6
alu-v3_35,ibmq_tokyo.arch,6,60,24,6
alu-v3_35,ibmq_tokyo.arch,7,60,25,6
alu-v3_35,ibmq_tokyo.arch,8,60,25,6
alu-v3_35,ibmq_tokyo.arch,9,60,24,6
alu-v3_35,ibmq_tokyo.arch,10,60,25,6
alu-v1_29,ibmq_tokyo.arch,1,60,26,7
alu-v1_29,ibmq_tokyo.arch,2,60,25,7
alu-v1_29,ibmq_tokyo.arch,5,60,25,7
alu-v1_29,ibmq_tokyo.arch,4,60,26,7
alu-v1_29,ibmq_tokyo.arch,6,60,25,7
alu-v1_29,ibmq_tokyo.arch,7,60,26,7
alu-v1_29,ibmq_tokyo.arch,8,60,25,7
alu-v1_29,ibmq_tokyo.arch,3,60,25,7
alu-v1_29,ibmq_tokyo.arch,10,60,26,7
alu-v1_29,ibmq_tokyo.arch,9,60,25,7
alu-v1_28,ibmq_tokyo.arch,1,60,27,7
alu-v1_28,ibmq_tokyo.arch,2,60,28,7
alu-v1_28,ibmq_tokyo.arch,4,60,27,7
alu-v1_28,ibmq_tokyo.arch,5,60,28,7
alu-v1_28,ibmq_tokyo.arch,6,60,27,7
alu-v1_28,ibmq_tokyo.arch,7,60,27,7
alu-v1_28,ibmq_tokyo.arch,8,60,27,7
alu-v1_28,ibmq_tokyo.arch,9,60,27,7
alu-v1_28,ibmq_tokyo.arch,10,60,27,7
alu-v1_28,ibmq_tokyo.arch,3,60,28,7
miller_11,ibmq_tokyo.arch,1,60,38,9
miller_11,ibmq_tokyo.arch,3,60,37,9
miller_11,ibmq_tokyo.arch,2,60,38,9
miller_11,ibmq_tokyo.arch,4,60,38,9
miller_11,ibmq_tokyo.arch,5,60,39,9
miller_11,ibmq_tokyo.arch,6,60,37,9
miller_11,ibmq_tokyo.arch,8,60,38,9
miller_11,ibmq_tokyo.arch,9,60,38,9
miller_11,ibmq_tokyo.arch,10,60,39,9
miller_11,ibmq_tokyo.arch,7,60,37,9
decod24-v0_38,ibmq_tokyo.arch,1,60,42,11
decod24-v0_38,ibmq_tokyo.arch,2,60,41,11
decod24-v0_38,ibmq_tokyo.arch,4,60,41,11
decod24-v0_38,ibmq_tokyo.arch,5,60,41,11
decod24-v0_38,ibmq_tokyo.arch,6,60,41,11
decod24-v0_38,ibmq_tokyo.arch,7,60,40,11
decod24-v0_38,ibmq_tokyo.arch,3,60,42,11
decod24-v0_38,ibmq_tokyo.arch,9,60,42,11
decod24-v0_38,ibmq_tokyo.arch,10,60,40,11
decod24-v0_38,ibmq_tokyo.arch,8,60,41,11
alu-v3_34,ibmq_tokyo.arch,1,60,34,7
alu-v3_34,ibmq_tokyo.arch,2,60,34,7
alu-v3_34,ibmq_tokyo.arch,4,60,34,7
alu-v3_34,ibmq_tokyo.arch,5,60,33,7
alu-v3_34,ibmq_tokyo.arch,6,60,33,7
alu-v3_34,ibmq_tokyo.arch,7,60,33,7
alu-v3_34,ibmq_tokyo.arch,8,60,33,7
alu-v3_34,ibmq_tokyo.arch,9,60,34,7
alu-v3_34,ibmq_tokyo.arch,10,60,33,7
alu-v3_34,ibmq_tokyo.arch,3,60,33,7
decod24-v2_43,ibmq_tokyo.arch,1,60,41,11
decod24-v2_43,ibmq_tokyo.arch,2,60,39,11
decod24-v2_43,ibmq_tokyo.arch,4,60,41,11
decod24-v2_43,ibmq_tokyo.arch,5,60,40,11
decod24-v2_43,ibmq_tokyo.arch,3,60,42,11
decod24-v2_43,ibmq_tokyo.arch,7,60,40,11
decod24-v2_43,ibmq_tokyo.arch,6,60,42,11
decod24-v2_43,ibmq_tokyo.arch,9,60,41,11
decod24-v2_43,ibmq_tokyo.arch,10,60,39,11
decod24-v2_43,ibmq_tokyo.arch,8,60,41,11
mod5d2_64,ibmq_tokyo.arch,1,60,41,11
mod5d2_64,ibmq_tokyo.arch,3,60,38,11
mod5d2_64,ibmq_tokyo.arch,2,60,38,11
mod5d2_64,ibmq_tokyo.arch,4,60,40,11
mod5d2_64,ibmq_tokyo.arch,6,60,38,11
mod5d2_64,ibmq_tokyo.arch,5,60,40,11
mod5d2_64,ibmq_tokyo.arch,7,60,40,11
mod5d2_64,ibmq_tokyo.arch,8,60,38,11
mod5d2_64,ibmq_tokyo.arch,9,60,39,11
mod5d2_64,ibmq_tokyo.arch,10,60,39,11
4gt13_92,ibmq_tokyo.arch,5,60,47,11
4gt13_92,ibmq_tokyo.arch,4,60,46,11
4gt13_92,ibmq_tokyo.arch,2,60,46,11
4gt13_92,ibmq_tokyo.arch,3,60,47,11
4gt13_92,ibmq_tokyo.arch,1,60,46,11
4gt13_92,ibmq_tokyo.arch,6,60,46,11
4gt13_92,ibmq_tokyo.arch,7,60,46,11
4gt13_92,ibmq_tokyo.arch,9,60,46,11
4gt13_92,ibmq_tokyo.arch,8,60,46,11
4gt13_92,ibmq_tokyo.arch,10,60,46,11
4gt13-v1_93,ibmq_tokyo.arch,1,60,47,11
4gt13-v1_93,ibmq_tokyo.arch,3,60,47,11
4gt13-v1_93,ibmq_tokyo.arch,5,60,47,11
4gt13-v1_93,ibmq_tokyo.arch,2,60,47,11
4gt13-v1_93,ibmq_tokyo.arch,4,60,47,11
4gt13-v1_93,ibmq_tokyo.arch,7,60,47,11
4gt13-v1_93,ibmq_tokyo.arch,6,60,47,11
4gt13-v1_93,ibmq_tokyo.arch,8,60,47,11
4gt13-v1_93,ibmq_tokyo.arch,9,60,47,11
4gt13-v1_93,ibmq_tokyo.arch,10,60,47,11
4mod5-v1_23,ibmq_tokyo.arch,1,60,48,12
4mod5-v1_23,ibmq_tokyo.arch,3,60,48,12
4mod5-v1_23,ibmq_tokyo.arch,2,60,48,12
4mod5-v1_23,ibmq_tokyo.arch,4,60,48,12
4mod5-v1_23,ibmq_tokyo.arch,5,60,48,12
4mod5-v1_23,ibmq_tokyo.arch,6,60,48,12
4mod5-v1_23,ibmq_tokyo.arch,7,60,49,12
4mod5-v1_23,ibmq_tokyo.arch,8,60,48,12
4mod5-v1_23,ibmq_tokyo.arch,9,60,48,12
4mod5-v1_23,ibmq_tokyo.arch,10,60,48,12
4mod5-v0_18,ibmq_tokyo.arch,3,60,47,12
4mod5-v0_18,ibmq_tokyo.arch,1,60,47,12
4mod5-v0_18,ibmq_tokyo.arch,2,60,47,12
4mod5-v0_18,ibmq_tokyo.arch,5,60,47,12
4mod5-v0_18,ibmq_tokyo.arch,4,60,47,12
4mod5-v0_18,ibmq_tokyo.arch,6,60,47,12
4mod5-v0_18,ibmq_tokyo.arch,8,60,46,12
4mod5-v0_18,ibmq_tokyo.arch,7,60,48,12
4mod5-v0_18,ibmq_tokyo.arch,9,60,47,12
4mod5-v0_18,ibmq_tokyo.arch,10,60,46,12
one-two-three-v2_100,ibmq_tokyo.arch,1,60,46,9
one-two-three-v2_100,ibmq_tokyo.arch,3,60,46,9
one-two-three-v2_100,ibmq_tokyo.arch,2,60,47,9
one-two-three-v2_100,ibmq_tokyo.arch,4,60,46,9
one-two-three-v2_100,ibmq_tokyo.arch,5,60,46,9
one-two-three-v2_100,ibmq_tokyo.arch,6,60,46,9
one-two-three-v2_100,ibmq_tokyo.arch,7,60,46,9
one-two-three-v2_100,ibmq_tokyo.arch,8,60,46,9
one-two-three-v2_100,ibmq_tokyo.arch,9,60,47,9
one-two-three-v2_100,ibmq_tokyo.arch,10,60,47,9
one-two-three-v3_101,ibmq_tokyo.arch,1,60,49,11
one-two-three-v3_101,ibmq_tokyo.arch,3,60,48,11
one-two-three-v3_101,ibmq_tokyo.arch,2,60,50,11
one-two-three-v3_101,ibmq_tokyo.arch,5,60,49,11
one-two-three-v3_101,ibmq_tokyo.arch,6,60,48,11
one-two-three-v3_101,ibmq_tokyo.arch,7,60,48,11
one-two-three-v3_101,ibmq_tokyo.arch,4,60,48,11
one-two-three-v3_101,ibmq_tokyo.arch,9,60,50,11
one-two-three-v3_101,ibmq_tokyo.arch,8,60,53,11
one-two-three-v3_101,ibmq_tokyo.arch,10,60,49,11
4mod5-bdd_287,ibmq_tokyo.arch,1,60,47,8
4mod5-bdd_287,ibmq_tokyo.arch,3,60,46,8
4mod5-bdd_287,ibmq_tokyo.arch,5,60,48,8
4mod5-bdd_287,ibmq_tokyo.arch,6,60,46,8
4mod5-bdd_287,ibmq_tokyo.arch,4,60,48,8
4mod5-bdd_287,ibmq_tokyo.arch,2,60,47,8
4mod5-bdd_287,ibmq_tokyo.arch,7,60,46,8
4mod5-bdd_287,ibmq_tokyo.arch,8,60,46,8
4mod5-bdd_287,ibmq_tokyo.arch,10,60,46,8
4mod5-bdd_287,ibmq_tokyo.arch,9,60,47,8
qe_qft_4,ibmq_tokyo.arch,1,60,38,5
qe_qft_4,ibmq_tokyo.arch,3,60,39,5
qe_qft_4,ibmq_tokyo.arch,4,60,39,5
qe_qft_4,ibmq_tokyo.arch,5,60,39,5
qe_qft_4,ibmq_tokyo.arch,2,60,40,5
qe_qft_4,ibmq_tokyo.arch,6,60,40,5
qe_qft_4,ibmq_tokyo.arch,7,60,39,5
qe_qft_4,ibmq_tokyo.arch,8,60,39,5
qe_qft_4,ibmq_tokyo.arch,10,60,39,5
qe_qft_4,ibmq_tokyo.arch,9,60,40,5
decod24-bdd_294,ibmq_tokyo.arch,1,60,47,10
decod24-bdd_294,ibmq_tokyo.arch,5,60,46,10
decod24-bdd_294,ibmq_tokyo.arch,4,60,48,10
decod24-bdd_294,ibmq_tokyo.arch,6,60,47,10
decod24-bdd_294,ibmq_tokyo.arch,7,60,48,10
decod24-bdd_294,ibmq_tokyo.arch,3,60,45,10
decod24-bdd_294,ibmq_tokyo.arch,2,60,47,10
decod24-bdd_294,ibmq_tokyo.arch,9,60,48,10
decod24-bdd_294,ibmq_tokyo.arch,10,60,47,10
decod24-bdd_294,ibmq_tokyo.arch,8,60,46,10
4gt5_75,ibmq_tokyo.arch,1,60,55,11
4gt5_75,ibmq_tokyo.arch,3,60,55,11
4gt5_75,ibmq_tokyo.arch,2,60,55,11
4gt5_75,ibmq_tokyo.arch,4,60,56,11
4gt5_75,ibmq_tokyo.arch,5,60,55,11
4gt5_75,ibmq_tokyo.arch,7,60,55,11
4gt5_75,ibmq_tokyo.arch,9,60,56,11
4gt5_75,ibmq_tokyo.arch,6,60,55,11
4gt5_75,ibmq_tokyo.arch,10,60,55,11
4gt5_75,ibmq_tokyo.arch,8,60,55,11
alu-bdd_288,ibmq_tokyo.arch,3,60,51,10
alu-bdd_288,ibmq_tokyo.arch,1,60,52,10
alu-bdd_288,ibmq_tokyo.arch,4,60,52,10
alu-bdd_288,ibmq_tokyo.arch,2,60,52,10
alu-bdd_288,ibmq_tokyo.arch,5,60,52,10
alu-bdd_288,ibmq_tokyo.arch,6,60,52,10
alu-bdd_288,ibmq_tokyo.arch,7,60,53,10
alu-bdd_288,ibmq_tokyo.arch,8,60,52,10
alu-bdd_288,ibmq_tokyo.arch,9,60,53,10
alu-bdd_288,ibmq_tokyo.arch,10,60,53,10
rd32_270,ibmq_tokyo.arch,1,60,54,14
rd32_270,ibmq_tokyo.arch,3,60,58,14
rd32_270,ibmq_tokyo.arch,4,60,55,14
rd32_270,ibmq_tokyo.arch,6,60,57,14
rd32_270,ibmq_tokyo.arch,2,60,57,14
rd32_270,ibmq_tokyo.arch,7,60,55,14
rd32_270,ibmq_tokyo.arch,8,60,56,14
rd32_270,ibmq_tokyo.arch,9,60,56,14
rd32_270,ibmq_tokyo.arch,5,60,54,14
rd32_270,ibmq_tokyo.arch,10,60,55,14
alu-v0_26,ibmq_tokyo.arch,1,60,56,12
alu-v0_26,ibmq_tokyo.arch,3,60,55,11
alu-v0_26,ibmq_tokyo.arch,5,60,55,11
alu-v0_26,ibmq_tokyo.arch,4,60,56,11
alu-v0_26,ibmq_tokyo.arch,2,60,56,12
alu-v0_26,ibmq_tokyo.arch,6,60,56,11
alu-v0_26,ibmq_tokyo.arch,7,60,58,13
alu-v0_26,ibmq_tokyo.arch,8,60,56,12
alu-v0_26,ibmq_tokyo.arch,10,60,55,11
alu-v0_26,ibmq_tokyo.arch,9,60,60,14
decod24-v1_41,ibmq_tokyo.arch,1,60,59,12
decod24-v1_41,ibmq_tokyo.arch,3,60,58,12
decod24-v1_41,ibmq_tokyo.arch,4,60,59,12
decod24-v1_41,ibmq_tokyo.arch,2,60,59,12
decod24-v1_41,ibmq_tokyo.arch,5,60,59,12
decod24-v1_41,ibmq_tokyo.arch,6,60,59,12
decod24-v1_41,ibmq_tokyo.arch,8,60,58,12
decod24-v1_41,ibmq_tokyo.arch,10,60,59,12
decod24-v1_41,ibmq_tokyo.arch,7,60,58,12
decod24-v1_41,ibmq_tokyo.arch,9,60,58,12
4gt5_76,ibmq_tokyo.arch,1,60,67,12
4gt5_76,ibmq_tokyo.arch,3,60,67,12
4gt5_76,ibmq_tokyo.arch,4,60,67,12
4gt5_76,ibmq_tokyo.arch,2,60,67,12
4gt5_76,ibmq_tokyo.arch,5,60,67,12
4gt5_76,ibmq_tokyo.arch,6,60,67,12
4gt5_76,ibmq_tokyo.arch,7,60,67,12
4gt5_76,ibmq_tokyo.arch,8,60,66,12
4gt5_76,ibmq_tokyo.arch,10,60,67,12
4gt5_76,ibmq_tokyo.arch,9,60,66,12
4gt13_91,ibmq_tokyo.arch,1,60,71,13
4gt13_91,ibmq_tokyo.arch,3,60,71,13
4gt13_91,ibmq_tokyo.arch,2,60,71,13
4gt13_91,ibmq_tokyo.arch,5,60,71,13
4gt13_91,ibmq_tokyo.arch,6,60,72,13
4gt13_91,ibmq_tokyo.arch,7,60,72,13
4gt13_91,ibmq_tokyo.arch,9,60,71,13
4gt13_91,ibmq_tokyo.arch,10,60,71,13
4gt13_91,ibmq_tokyo.arch,8,60,71,13
4gt13_91,ibmq_tokyo.arch,4,60,70,13
qe_qft_5,ibmq_tokyo.arch,1,60,53,2
qe_qft_5,ibmq_tokyo.arch,4,60,53,2
qe_qft_5,ibmq_tokyo.arch,2,60,53,2
qe_qft_5,ibmq_tokyo.arch,3,60,53,2
qe_qft_5,ibmq_tokyo.arch,5,60,53,2
qe_qft_5,ibmq_tokyo.arch,6,60,53,2
qe_qft_5,ibmq_tokyo.arch,7,60,53,2
qe_qft_5,ibmq_tokyo.arch,8,60,53,2
qe_qft_5,ibmq_tokyo.arch,10,60,53,2
qe_qft_5,ibmq_tokyo.arch,9,60,53,2
4gt13_90,ibmq_tokyo.arch,1,60,77,16
4gt13_90,ibmq_tokyo.arch,3,60,79,16
4gt13_90,ibmq_tokyo.arch,2,60,78,16
4gt13_90,ibmq_tokyo.arch,4,60,77,16
4gt13_90,ibmq_tokyo.arch,6,60,77,16
4gt13_90,ibmq_tokyo.arch,8,60,78,16
4gt13_90,ibmq_tokyo.arch,9,60,77,16
4gt13_90,ibmq_tokyo.arch,5,60,77,16
4gt13_90,ibmq_tokyo.arch,7,60,78,16
4gt13_90,ibmq_tokyo.arch,10,60,77,16
alu-v4_36,ibmq_tokyo.arch,1,60,78,14
alu-v4_36,ibmq_tokyo.arch,5,60,78,14
alu-v4_36,ibmq_tokyo.arch,2,60,77,14
alu-v4_36,ibmq_tokyo.arch,3,60,78,14
alu-v4_36,ibmq_tokyo.arch,4,60,77,14
alu-v4_36,ibmq_tokyo.arch,6,60,77,14
alu-v4_36,ibmq_tokyo.arch,9,60,78,14
alu-v4_36,ibmq_tokyo.arch,7,60,78,14
alu-v4_36,ibmq_tokyo.arch,8,60,78,14
alu-v4_36,ibmq_tokyo.arch,10,60,79,14
4gt5_77,ibmq_tokyo.arch,1,60,87,15
4gt5_77,ibmq_tokyo.arch,3,60,87,16
4gt5_77,ibmq_tokyo.arch,5,60,86,14
4gt5_77,ibmq_tokyo.arch,6,60,85,16
4gt5_77,ibmq_tokyo.arch,4,60,88,16
4gt5_77,ibmq_tokyo.arch,8,60,87,16
4gt5_77,ibmq_tokyo.arch,2,60,85,14
4gt5_77,ibmq_tokyo.arch,9,60,85,14
4gt5_77,ibmq_tokyo.arch,10,60,86,16
4gt5_77,ibmq_tokyo.arch,7,60,86,16
one-two-three-v1_99,ibmq_tokyo.arch,1,60,92,21
one-two-three-v1_99,ibmq_tokyo.arch,4,60,92,20
one-two-three-v1_99,ibmq_tokyo.arch,2,60,92,21
one-two-three-v1_99,ibmq_tokyo.arch,5,60,92,21
one-two-three-v1_99,ibmq_tokyo.arch,6,60,90,20
one-two-three-v1_99,ibmq_tokyo.arch,7,60,94,21
one-two-three-v1_99,ibmq_tokyo.arch,8,60,93,21
one-two-three-v1_99,ibmq_tokyo.arch,3,60,92,21
one-two-three-v1_99,ibmq_tokyo.arch,9,60,92,20
one-two-three-v1_99,ibmq_tokyo.arch,10,60,92,21
rd53_138,ibmq_tokyo.arch,3,60,76,11
rd53_138,ibmq_tokyo.arch,1,60,73,11
rd53_138,ibmq_tokyo.arch,5,60,75,11
rd53_138,ibmq_tokyo.arch,6,60,75,11
rd53_138,ibmq_tokyo.arch,7,60,75,11
rd53_138,ibmq_tokyo.arch,4,60,75,11
rd53_138,ibmq_tokyo.arch,2,60,75,11
rd53_138,ibmq_tokyo.arch,8,60,73,11
rd53_138,ibmq_tokyo.arch,9,60,75,11
rd53_138,ibmq_tokyo.arch,10,60,76,11
one-two-three-v0_98,ibmq_tokyo.arch,1,60,95,19
one-two-three-v0_98,ibmq_tokyo.arch,3,60,97,19
one-two-three-v0_98,ibmq_tokyo.arch,5,60,94,19
one-two-three-v0_98,ibmq_tokyo.arch,4,60,92,18
one-two-three-v0_98,ibmq_tokyo.arch,6,60,94,18
one-two-three-v0_98,ibmq_tokyo.arch,7,60,93,19
one-two-three-v0_98,ibmq_tokyo.arch,2,60,95,19
one-two-three-v0_98,ibmq_tokyo.arch,8,60,95,19
one-two-three-v0_98,ibmq_tokyo.arch,9,60,93,18
one-two-three-v0_98,ibmq_tokyo.arch,10,60,95,19
4gt10-v1_81,ibmq_tokyo.arch,1,60,103,20
4gt10-v1_81,ibmq_tokyo.arch,3,60,100,21
4gt10-v1_81,ibmq_tokyo.arch,2,60,98,20
4gt10-v1_81,ibmq_tokyo.arch,5,60,101,21
4gt10-v1_81,ibmq_tokyo.arch,6,60,103,20
4gt10-v1_81,ibmq_tokyo.arch,4,60,102,20
4gt10-v1_81,ibmq_tokyo.arch,7,60,102,21
4gt10-v1_81,ibmq_tokyo.arch,8,60,101,20
4gt10-v1_81,ibmq_tokyo.arch,9,60,103,20
4gt10-v1_81,ibmq_tokyo.arch,10,60,101,20
decod24-v3_45,ibmq_tokyo.arch,1,60,99,19
decod24-v3_45,ibmq_tokyo.arch,3,60,97,20
decod24-v3_45,ibmq_tokyo.arch,2,60,99,17
decod24-v3_45,ibmq_tokyo.arch,4,60,98,19
decod24-v3_45,ibmq_tokyo.arch,5,60,100,20
decod24-v3_45,ibmq_tokyo.arch,6,60,101,20
decod24-v3_45,ibmq_tokyo.arch,7,60,98,19
decod24-v3_45,ibmq_tokyo.arch,8,60,99,20
decod24-v3_45,ibmq_tokyo.arch,9,60,95,18
decod24-v3_45,ibmq_tokyo.arch,10,60,96,18
aj-e11_165,ibmq_tokyo.arch,1,60,106,21
aj-e11_165,ibmq_tokyo.arch,3,60,106,21
aj-e11_165,ibmq_tokyo.arch,2,60,106,21
aj-e11_165,ibmq_tokyo.arch,4,60,105,22
aj-e11_165,ibmq_tokyo.arch,5,60,108,22
aj-e11_165,ibmq_tokyo.arch,7,60,105,21
aj-e11_165,ibmq_tokyo.arch,8,60,106,21
aj-e11_165,ibmq_tokyo.arch,6,60,105,21
aj-e11_165,ibmq_tokyo.arch,9,60,107,21
aj-e11_165,ibmq_tokyo.arch,10,60,107,22
4mod7-v0_94,ibmq_tokyo.arch,1,60,102,15
4mod7-v0_94,ibmq_tokyo.arch,3,60,103,17
4mod7-v0_94,ibmq_tokyo.arch,2,60,102,15
4mod7-v0_94,ibmq_tokyo.arch,5,60,102,15
4mod7-v0_94,ibmq_tokyo.arch,4,60,102,15
4mod7-v0_94,ibmq_tokyo.arch,7,60,102,17
4mod7-v0_94,ibmq_tokyo.arch,6,60,102,15
4mod7-v0_94,ibmq_tokyo.arch,9,60,103,15
4mod7-v0_94,ibmq_tokyo.arch,10,60,102,15
4mod7-v0_94,ibmq_tokyo.arch,8,60,102,15
alu-v2_32,ibmq_tokyo.arch,1,60,109,23
alu-v2_32,ibmq_tokyo.arch,4,60,108,23
alu-v2_32,ibmq_tokyo.arch,5,60,114,23
alu-v2_32,ibmq_tokyo.arch,6,60,113,23
alu-v2_32,ibmq_tokyo.arch,7,60,111,23
alu-v2_32,ibmq_tokyo.arch,8,60,112,23
alu-v2_32,ibmq_tokyo.arch,9,60,112,23
alu-v2_32,ibmq_tokyo.arch,2,60,111,23
alu-v2_32,ibmq_tokyo.arch,10,60,113,23
alu-v2_32,ibmq_tokyo.arch,3,60,111,23
4mod7-v1_96,ibmq_tokyo.arch,1,60,108,19
4mod7-v1_96,ibmq_tokyo.arch,3,60,110,20
4mod7-v1_96,ibmq_tokyo.arch,2,60,109,20
4mod7-v1_96,ibmq_tokyo.arch,7,60,103,19
4mod7-v1_96,ibmq_tokyo.arch,6,60,105,20
4mod7-v1_96,ibmq_tokyo.arch,4,60,105,19
4mod7-v1_96,ibmq_tokyo.arch,8,60,103,19
4mod7-v1_96,ibmq_tokyo.arch,9,60,111,21
4mod7-v1_96,ibmq_tokyo.arch,10,60,102,17
4mod7-v1_96,ibmq_tokyo.arch,5,60,108,20
mini_alu_305,ibmq_tokyo.arch,2,60,92,18
mini_alu_305,ibmq_tokyo.arch,1,60,93,18
mini_alu_305,ibmq_tokyo.arch,3,60,92,18
mini_alu_305,ibmq_tokyo.arch,7,60,78,17
mini_alu_305,ibmq_tokyo.arch,6,60,82,17
mini_alu_305,ibmq_tokyo.arch,4,60,82,16
mini_alu_305,ibmq_tokyo.arch,5,60,77,17
mini_alu_305,ibmq_tokyo.arch,9,60,92,18
mini_alu_305,ibmq_tokyo.arch,8,60,88,17
mini_alu_305,ibmq_tokyo.arch,10,60,77,17
cnt3-5_179,ibmq_tokyo.arch,1,60,77,26
cnt3-5_179,ibmq_tokyo.arch,3,60,95,27
cnt3-5_179,ibmq_tokyo.arch,2,60,82,23
cnt3-5_179,ibmq_tokyo.arch,4,60,84,25
cnt3-5_179,ibmq_tokyo.arch,8,60,83,25
cnt3-5_179,ibmq_tokyo.arch,5,60,76,24
cnt3-5_179,ibmq_tokyo.arch,6,60,81,27
cnt3-5_179,ibmq_tokyo.arch,9,60,86,26
cnt3-5_179,ibmq_tokyo.arch,10,60,87,26
cnt3-5_179,ibmq_tokyo.arch,7,60,71,26
mod10_176,ibmq_tokyo.arch,1,60,124,22
mod10_176,ibmq_tokyo.arch,3,60,124,22
mod10_176,ibmq_tokyo.arch,2,60,123,23
mod10_176,ibmq_tokyo.arch,4,60,122,22
mod10_176,ibmq_tokyo.arch,6,60,122,22
mod10_176,ibmq_tokyo.arch,8,60,122,22
mod10_176,ibmq_tokyo.arch,7,60,123,23
mod10_176,ibmq_tokyo.arch,5,60,122,22
mod10_176,ibmq_tokyo.arch,9,60,121,21
mod10_176,ibmq_tokyo.arch,10,60,123,21
4gt4-v0_80,ibmq_tokyo.arch,2,60,109,16
4gt4-v0_80,ibmq_tokyo.arch,1,60,112,16
4gt4-v0_80,ibmq_tokyo.arch,5,60,113,16
4gt4-v0_80,ibmq_tokyo.arch,7,60,109,16
4gt4-v0_80,ibmq_tokyo.arch,3,60,112,17
4gt4-v0_80,ibmq_tokyo.arch,4,60,111,17
4gt4-v0_80,ibmq_tokyo.arch,8,60,110,17
4gt4-v0_80,ibmq_tokyo.arch,9,60,108,16
4gt4-v0_80,ibmq_tokyo.arch,6,60,109,16
4gt4-v0_80,ibmq_tokyo.arch,10,60,108,16
4gt12-v0_88,ibmq_tokyo.arch,1,60,120,19
4gt12-v0_88,ibmq_tokyo.arch,2,60,121,20
4gt12-v0_88,ibmq_tokyo.arch,5,60,120,19
4gt12-v0_88,ibmq_tokyo.arch,3,60,119,19
4gt12-v0_88,ibmq_tokyo.arch,4,60,122,20
4gt12-v0_88,ibmq_tokyo.arch,7,60,120,20
4gt12-v0_88,ibmq_tokyo.arch,8,60,122,20
4gt12-v0_88,ibmq_tokyo.arch,9,60,122,20
4gt12-v0_88,ibmq_tokyo.arch,6,60,120,21
4gt12-v0_88,ibmq_tokyo.arch,10,60,124,19
qft_10,ibmq_tokyo.arch,2,60,109,27
qft_10,ibmq_tokyo.arch,1,60,93,27
qft_10,ibmq_tokyo.arch,3,60,109,28
qft_10,ibmq_tokyo.arch,5,60,108,27
qft_10,ibmq_tokyo.arch,4,60,96,28
qft_10,ibmq_tokyo.arch,7,60,118,27
qft_10,ibmq_tokyo.arch,8,60,114,27
qft_10,ibmq_tokyo.arch,6,60,103,28
qft_10,ibmq_tokyo.arch,9,60,137,27
qft_10,ibmq_tokyo.arch,10,60,127,28
0410184_169,ibmq_tokyo.arch,1,60,122,27
0410184_169,ibmq_tokyo.arch,3,60,123,29
0410184_169,ibmq_tokyo.arch,2,60,127,29
0410184_169,ibmq_tokyo.arch,4,60,121,31
0410184_169,ibmq_tokyo.arch,5,60,123,27
0410184_169,ibmq_tokyo.arch,6,60,122,29
0410184_169,ibmq_tokyo.arch,7,60,121,29
0410184_169,ibmq_tokyo.arch,8,60,124,29
0410184_169,ibmq_tokyo.arch,9,60,127,28
0410184_169,ibmq_tokyo.arch,10,60,119,29
sys6-v0_111,ibmq_tokyo.arch,1,60,92,18
sys6-v0_111,ibmq_tokyo.arch,2,60,91,21
sys6-v0_111,ibmq_tokyo.arch,3,60,104,20
sys6-v0_111,ibmq_tokyo.arch,4,60,96,21
sys6-v0_111,ibmq_tokyo.arch,5,60,98,21
sys6-v0_111,ibmq_tokyo.arch,7,60,94,21
sys6-v0_111,ibmq_tokyo.arch,10,60,99,22
sys6-v0_111,ibmq_tokyo.arch,6,60,97,21
sys6-v0_111,ibmq_tokyo.arch,8,60,105,19
sys6-v0_111,ibmq_tokyo.arch,9,60,97,21
4_49_16,ibmq_tokyo.arch,1,60,144,28
4_49_16,ibmq_tokyo.arch,3,60,147,28
4_49_16,ibmq_tokyo.arch,4,60,142,27
4_49_16,ibmq_tokyo.arch,6,60,150,28
4_49_16,ibmq_tokyo.arch,7,60,143,28
4_49_16,ibmq_tokyo.arch,8,60,149,28
4_49_16,ibmq_tokyo.arch,9,60,148,27
4_49_16,ibmq_tokyo.arch,2,60,143,28
4_49_16,ibmq_tokyo.arch,10,60,150,30
4_49_16,ibmq_tokyo.arch,5,60,152,28
4gt12-v1_89,ibmq_tokyo.arch,1,60,136,13
4gt12-v1_89,ibmq_tokyo.arch,3,60,136,13
4gt12-v1_89,ibmq_tokyo.arch,5,60,136,13
4gt12-v1_89,ibmq_tokyo.arch,2,60,136,13
4gt12-v1_89,ibmq_tokyo.arch,7,60,136,13
4gt12-v1_89,ibmq_tokyo.arch,4,60,136,13
4gt12-v1_89,ibmq_tokyo.arch,6,60,136,13
4gt12-v1_89,ibmq_tokyo.arch,8,60,136,13
4gt12-v1_89,ibmq_tokyo.arch,10,60,137,13
4gt12-v1_89,ibmq_tokyo.arch,9,60,137,13
rd73_140,ibmq_tokyo.arch,1,60,120,26
rd73_140,ibmq_tokyo.arch,3,60,118,26
rd73_140,ibmq_tokyo.arch,4,60,107,25
rd73_140,ibmq_tokyo.arch,7,60,110,26
rd73_140,ibmq_tokyo.arch,5,60,107,25
rd73_140,ibmq_tokyo.arch,6,60,120,26
rd73_140,ibmq_tokyo.arch,2,60,117,25
rd73_140,ibmq_tokyo.arch,9,60,108,27
rd73_140,ibmq_tokyo.arch,10,60,115,25
rd73_140,ibmq_tokyo.arch,8,60,130,27
4gt4-v0_79,ibmq_tokyo.arch,1,60,144,19
4gt4-v0_79,ibmq_tokyo.arch,2,60,146,20
4gt4-v0_79,ibmq_tokyo.arch,3,60,146,19
4gt4-v0_79,ibmq_tokyo.arch,4,60,144,18
4gt4-v0_79,ibmq_tokyo.arch,5,60,147,19
4gt4-v0_79,ibmq_tokyo.arch,7,60,145,18
4gt4-v0_79,ibmq_tokyo.arch,6,60,147,19
4gt4-v0_79,ibmq_tokyo.arch,9,60,145,18
4gt4-v0_79,ibmq_tokyo.arch,10,60,144,19
4gt4-v0_79,ibmq_tokyo.arch,8,60,145,18
hwb4_49,ibmq_tokyo.arch,1,60,165,35
hwb4_49,ibmq_tokyo.arch,2,60,158,33
hwb4_49,ibmq_tokyo.arch,3,60,158,34
hwb4_49,ibmq_tokyo.arch,5,60,162,31
hwb4_49,ibmq_tokyo.arch,4,60,164,34
hwb4_49,ibmq_tokyo.arch,7,60,164,34
hwb4_49,ibmq_tokyo.arch,6,60,168,35
hwb4_49,ibmq_tokyo.arch,9,60,164,34
hwb4_49,ibmq_tokyo.arch,10,60,168,35
hwb4_49,ibmq_tokyo.arch,8,60,165,34
4gt4-v0_78,ibmq_tokyo.arch,2,60,152,19
4gt4-v0_78,ibmq_tokyo.arch,1,60,148,21
4gt4-v0_78,ibmq_tokyo.arch,3,60,151,21
4gt4-v0_78,ibmq_tokyo.arch,4,60,152,20
4gt4-v0_78,ibmq_tokyo.arch,5,60,151,20
4gt4-v0_78,ibmq_tokyo.arch,7,60,152,21
4gt4-v0_78,ibmq_tokyo.arch,9,60,150,22
4gt4-v0_78,ibmq_tokyo.arch,10,60,150,21
4gt4-v0_78,ibmq_tokyo.arch,8,60,153,20
4gt4-v0_78,ibmq_tokyo.arch,6,60,156,22
mod10_171,ibmq_tokyo.arch,1,60,168,33
mod10_171,ibmq_tokyo.arch,3,60,166,31
mod10_171,ibmq_tokyo.arch,5,60,167,34
mod10_171,ibmq_tokyo.arch,2,60,163,34
mod10_171,ibmq_tokyo.arch,6,60,161,34
mod10_171,ibmq_tokyo.arch,8,60,160,26
mod10_171,ibmq_tokyo.arch,9,60,166,31
mod10_171,ibmq_tokyo.arch,4,60,160,31
mod10_171,ibmq_tokyo.arch,7,60,171,32
mod10_171,ibmq_tokyo.arch,10,60,173,34
4gt12-v0_87,ibmq_tokyo.arch,1,60,145,17
4gt12-v0_87,ibmq_tokyo.arch,3,60,143,17
4gt12-v0_87,ibmq_tokyo.arch,4,60,144,18
4gt12-v0_87,ibmq_tokyo.arch,8,60,146,18
4gt12-v0_87,ibmq_tokyo.arch,7,60,146,18
4gt12-v0_87,ibmq_tokyo.arch,6,60,145,18
4gt12-v0_87,ibmq_tokyo.arch,2,60,146,18
4gt12-v0_87,ibmq_tokyo.arch,10,60,145,17
4gt12-v0_87,ibmq_tokyo.arch,9,60,144,18
4gt12-v0_87,ibmq_tokyo.arch,5,60,145,18
4gt12-v0_86,ibmq_tokyo.arch,1,60,150,19
4gt12-v0_86,ibmq_tokyo.arch,3,60,150,19
4gt12-v0_86,ibmq_tokyo.arch,2,60,152,20
4gt12-v0_86,ibmq_tokyo.arch,4,60,148,18
4gt12-v0_86,ibmq_tokyo.arch,5,60,150,19
4gt12-v0_86,ibmq_tokyo.arch,7,60,151,19
4gt12-v0_86,ibmq_tokyo.arch,8,60,150,19
4gt12-v0_86,ibmq_tokyo.arch,10,60,148,18
4gt12-v0_86,ibmq_tokyo.arch,9,60,150,18
4gt12-v0_86,ibmq_tokyo.arch,6,60,151,19
4gt4-v0_72,ibmq_tokyo.arch,1,60,157,17
4gt4-v0_72,ibmq_tokyo.arch,3,60,145,17
4gt4-v0_72,ibmq_tokyo.arch,2,60,149,16
4gt4-v0_72,ibmq_tokyo.arch,5,60,150,18
4gt4-v0_72,ibmq_tokyo.arch,7,60,156,16
4gt4-v0_72,ibmq_tokyo.arch,4,60,151,18
4gt4-v0_72,ibmq_tokyo.arch,6,60,149,18
4gt4-v0_72,ibmq_tokyo.arch,9,60,146,17
4gt4-v0_72,ibmq_tokyo.arch,8,60,147,17
4gt4-v0_72,ibmq_tokyo.arch,10,60,151,18
sym6_316,ibmq_tokyo.arch,1,60,163,36
sym6_316,ibmq_tokyo.arch,3,60,163,34
sym6_316,ibmq_tokyo.arch,4,60,156,32
sym6_316,ibmq_tokyo.arch,5,60,160,35
sym6_316,ibmq_tokyo.arch,2,60,156,34
sym6_316,ibmq_tokyo.arch,6,60,157,33
sym6_316,ibmq_tokyo.arch,8,60,162,35
sym6_316,ibmq_tokyo.arch,9,60,167,37
sym6_316,ibmq_tokyo.arch,7,60,160,36
sym6_316,ibmq_tokyo.arch,10,60,167,35
4gt4-v1_74,ibmq_tokyo.arch,1,60,170,24
4gt4-v1_74,ibmq_tokyo.arch,3,60,177,28
4gt4-v1_74,ibmq_tokyo.arch,2,60,173,26
4gt4-v1_74,ibmq_tokyo.arch,5,60,169,23
4gt4-v1_74,ibmq_tokyo.arch,4,60,167,23
4gt4-v1_74,ibmq_tokyo.arch,7,60,174,25
4gt4-v1_74,ibmq_tokyo.arch,6,60,174,26
4gt4-v1_74,ibmq_tokyo.arch,9,60,174,26
4gt4-v1_74,ibmq_tokyo.arch,8,60,172,24
4gt4-v1_74,ibmq_tokyo.arch,10,60,174,26
rd53_311,ibmq_tokyo.arch,2,60,150,36
rd53_311,ibmq_tokyo.arch,1,60,152,35
rd53_311,ibmq_tokyo.arch,3,60,145,38
rd53_311,ibmq_tokyo.arch,5,60,157,35
rd53_311,ibmq_tokyo.arch,4,60,151,37
rd53_311,ibmq_tokyo.arch,7,60,154,38
rd53_311,ibmq_tokyo.arch,9,60,155,36
rd53_311,ibmq_tokyo.arch,6,60,167,36
rd53_311,ibmq_tokyo.arch,8,60,145,34
rd53_311,ibmq_tokyo.arch,10,60,144,34
mini-alu_167,ibmq_tokyo.arch,1,60,202,45
mini-alu_167,ibmq_tokyo.arch,4,60,201,45
mini-alu_167,ibmq_tokyo.arch,2,60,197,44
mini-alu_167,ibmq_tokyo.arch,6,60,198,46
mini-alu_167,ibmq_tokyo.arch,5,60,200,46
mini-alu_167,ibmq_tokyo.arch,3,60,198,43
mini-alu_167,ibmq_tokyo.arch,7,60,202,44
mini-alu_167,ibmq_tokyo.arch,9,60,199,45
mini-alu_167,ibmq_tokyo.arch,8,60,199,43
mini-alu_167,ibmq_tokyo.arch,10,60,204,48
one-two-three-v0_97,ibmq_tokyo.arch,1,60,197,43
one-two-three-v0_97,ibmq_tokyo.arch,3,60,199,44
one-two-three-v0_97,ibmq_tokyo.arch,4,60,200,43
one-two-three-v0_97,ibmq_tokyo.arch,7,60,197,42
one-two-three-v0_97,ibmq_tokyo.arch,2,60,194,40
one-two-three-v0_97,ibmq_tokyo.arch,6,60,192,43
one-two-three-v0_97,ibmq_tokyo.arch,5,60,197,42
one-two-three-v0_97,ibmq_tokyo.arch,9,60,201,43
one-two-three-v0_97,ibmq_tokyo.arch,10,60,199,42
one-two-three-v0_97,ibmq_tokyo.arch,8,60,197,43
rd53_135,ibmq_tokyo.arch,1,60,184,33
rd53_135,ibmq_tokyo.arch,2,60,181,32
rd53_135,ibmq_tokyo.arch,3,60,183,34
rd53_135,ibmq_tokyo.arch,5,60,183,32
rd53_135,ibmq_tokyo.arch,8,60,186,32
rd53_135,ibmq_tokyo.arch,4,60,186,36
rd53_135,ibmq_tokyo.arch,6,60,192,36
rd53_135,ibmq_tokyo.arch,7,60,186,38
rd53_135,ibmq_tokyo.arch,9,60,181,35
rd53_135,ibmq_tokyo.arch,10,60,185,34
ham7_104,ibmq_tokyo.arch,1,60,201,24
ham7_104,ibmq_tokyo.arch,3,60,207,27
ham7_104,ibmq_tokyo.arch,4,60,201,24
ham7_104,ibmq_tokyo.arch,5,60,201,25
ham7_104,ibmq_tokyo.arch,6,60,198,24
ham7_104,ibmq_tokyo.arch,2,60,200,25
ham7_104,ibmq_tokyo.arch,9,60,200,25
ham7_104,ibmq_tokyo.arch,7,60,201,23
ham7_104,ibmq_tokyo.arch,10,60,195,23
ham7_104,ibmq_tokyo.arch,8,60,200,24
sym9_146,ibmq_tokyo.arch,1,60,182,50
sym9_146,ibmq_tokyo.arch,3,60,175,40
sym9_146,ibmq_tokyo.arch,4,60,186,47
sym9_146,ibmq_tokyo.arch,2,60,174,47
sym9_146,ibmq_tokyo.arch,5,60,174,50
sym9_146,ibmq_tokyo.arch,7,60,181,49
sym9_146,ibmq_tokyo.arch,8,60,181,42
sym9_146,ibmq_tokyo.arch,9,60,207,47
sym9_146,ibmq_tokyo.arch,6,60,177,48
sym9_146,ibmq_tokyo.arch,10,60,183,49
decod24-enable_126,ibmq_tokyo.arch,3,60,218,34
decod24-enable_126,ibmq_tokyo.arch,1,60,209,33
decod24-enable_126,ibmq_tokyo.arch,5,60,217,32
decod24-enable_126,ibmq_tokyo.arch,7,60,214,32
decod24-enable_126,ibmq_tokyo.arch,9,60,218,35
decod24-enable_126,ibmq_tokyo.arch,2,60,220,33
decod24-enable_126,ibmq_tokyo.arch,4,60,217,33
decod24-enable_126,ibmq_tokyo.arch,8,60,217,33
decod24-enable_126,ibmq_tokyo.arch,6,60,219,34
decod24-enable_126,ibmq_tokyo.arch,10,60,212,33
mod8-10_178,ibmq_tokyo.arch,4,60,213,23
mod8-10_178,ibmq_tokyo.arch,1,60,210,21
mod8-10_178,ibmq_tokyo.arch,2,60,209,22
mod8-10_178,ibmq_tokyo.arch,3,60,208,22
mod8-10_178,ibmq_tokyo.arch,5,60,213,23
mod8-10_178,ibmq_tokyo.arch,6,60,208,20
mod8-10_178,ibmq_tokyo.arch,7,60,206,22
mod8-10_178,ibmq_tokyo.arch,9,60,209,21
mod8-10_178,ibmq_tokyo.arch,10,60,207,21
mod8-10_178,ibmq_tokyo.arch,8,60,204,21
rd84_142,ibmq_tokyo.arch,1,60,166,56
rd84_142,ibmq_tokyo.arch,3,60,149,54
rd84_142,ibmq_tokyo.arch,4,60,182,56
rd84_142,ibmq_tokyo.arch,2,60,166,56
rd84_142,ibmq_tokyo.arch,5,60,166,57
rd84_142,ibmq_tokyo.arch,9,60,148,54
rd84_142,ibmq_tokyo.arch,6,60,161,53
rd84_142,ibmq_tokyo.arch,7,60,136,53
rd84_142,ibmq_tokyo.arch,8,60,170,54
rd84_142,ibmq_tokyo.arch,10,60,174,55
4gt4-v0_73,ibmq_tokyo.arch,1,60,255,33
4gt4-v0_73,ibmq_tokyo.arch,4,60,254,34
4gt4-v0_73,ibmq_tokyo.arch,2,60,259,37
4gt4-v0_73,ibmq_tokyo.arch,3,60,254,33
4gt4-v0_73,ibmq_tokyo.arch,5,60,252,32
4gt4-v0_73,ibmq_tokyo.arch,7,60,259,33
4gt4-v0_73,ibmq_tokyo.arch,6,60,259,38
4gt4-v0_73,ibmq_tokyo.arch,8,60,249,31
4gt4-v0_73,ibmq_tokyo.arch,10,60,253,34
4gt4-v0_73,ibmq_tokyo.arch,9,60,253,33
ex3_229,ibmq_tokyo.arch,1,60,248,26
ex3_229,ibmq_tokyo.arch,3,60,248,26
ex3_229,ibmq_tokyo.arch,4,60,244,27
ex3_229,ibmq_tokyo.arch,5,60,245,25
ex3_229,ibmq_tokyo.arch,6,60,243,26
ex3_229,ibmq_tokyo.arch,7,60,247,28
ex3_229,ibmq_tokyo.arch,8,60,248,26
ex3_229,ibmq_tokyo.arch,9,60,247,27
ex3_229,ibmq_tokyo.arch,2,60,245,26
ex3_229,ibmq_tokyo.arch,10,60,248,28
mod8-10_177,ibmq_tokyo.arch,3,60,280,32
mod8-10_177,ibmq_tokyo.arch,2,60,274,31
mod8-10_177,ibmq_tokyo.arch,1,60,278,35
mod8-10_177,ibmq_tokyo.arch,5,60,276,35
mod8-10_177,ibmq_tokyo.arch,4,60,278,38
mod8-10_177,ibmq_tokyo.arch,8,60,272,30
mod8-10_177,ibmq_tokyo.arch,10,60,273,30
mod8-10_177,ibmq_tokyo.arch,9,60,274,32
mod8-10_177,ibmq_tokyo.arch,7,60,268,30
mod8-10_177,ibmq_tokyo.arch,6,60,275,34
alu-v2_31,ibmq_tokyo.arch,1,60,310,72
alu-v2_31,ibmq_tokyo.arch,3,60,317,73
alu-v2_31,ibmq_tokyo.arch,2,60,322,70
alu-v2_31,ibmq_tokyo.arch,5,60,311,69
alu-v2_31,ibmq_tokyo.arch,8,60,318,69
alu-v2_31,ibmq_tokyo.arch,4,60,315,69
alu-v2_31,ibmq_tokyo.arch,9,60,317,72
alu-v2_31,ibmq_tokyo.arch,7,60,306,66
alu-v2_31,ibmq_tokyo.arch,6,60,321,74
alu-v2_31,ibmq_tokyo.arch,10,60,314,72
C17_204,ibmq_tokyo.arch,1,60,279,34
C17_204,ibmq_tokyo.arch,2,60,283,39
C17_204,ibmq_tokyo.arch,5,60,280,40
C17_204,ibmq_tokyo.arch,3,60,280,40
C17_204,ibmq_tokyo.arch,4,60,279,34
C17_204,ibmq_tokyo.arch,6,60,284,36
C17_204,ibmq_tokyo.arch,9,60,276,36
C17_204,ibmq_tokyo.arch,8,60,280,35
C17_204,ibmq_tokyo.arch,7,60,285,40
C17_204,ibmq_tokyo.arch,10,60,276,31
rd53_131,ibmq_tokyo.arch,1,60,291,44
rd53_131,ibmq_tokyo.arch,3,60,294,42
rd53_131,ibmq_tokyo.arch,5,60,291,41
rd53_131,ibmq_tokyo.arch,2,60,288,45
rd53_131,ibmq_tokyo.arch,4,60,288,44
rd53_131,ibmq_tokyo.arch,8,60,292,46
rd53_131,ibmq_tokyo.arch,9,60,291,43
rd53_131,ibmq_tokyo.arch,10,60,293,41
rd53_131,ibmq_tokyo.arch,6,60,298,45
rd53_131,ibmq_tokyo.arch,7,60,294,45
ising_model_10,ibmq_tokyo.arch,1,60,78,6
ising_model_10,ibmq_tokyo.arch,3,60,86,6
ising_model_10,ibmq_tokyo.arch,2,60,90,6
ising_model_10,ibmq_tokyo.arch,4,60,77,6
ising_model_10,ibmq_tokyo.arch,6,60,89,6
ising_model_10,ibmq_tokyo.arch,8,60,90,6
ising_model_10,ibmq_tokyo.arch,9,60,88,6
ising_model_10,ibmq_tokyo.arch,7,60,90,6
ising_model_10,ibmq_tokyo.arch,10,60,84,6
ising_model_10,ibmq_tokyo.arch,5,60,80,6
cnt3-5_180,ibmq_tokyo.arch,3,60,269,68
cnt3-5_180,ibmq_tokyo.arch,1,60,247,64
cnt3-5_180,ibmq_tokyo.arch,4,60,265,67
cnt3-5_180,ibmq_tokyo.arch,2,60,264,54
cnt3-5_180,ibmq_tokyo.arch,5,60,296,64
cnt3-5_180,ibmq_tokyo.arch,7,60,274,64
cnt3-5_180,ibmq_tokyo.arch,6,60,284,63
cnt3-5_180,ibmq_tokyo.arch,8,60,275,59
cnt3-5_180,ibmq_tokyo.arch,10,60,271,64
cnt3-5_180,ibmq_tokyo.arch,9,60,300,69
alu-v2_30,ibmq_tokyo.arch,1,60,319,43
alu-v2_30,ibmq_tokyo.arch,2,60,322,52
alu-v2_30,ibmq_tokyo.arch,3,60,328,54
alu-v2_30,ibmq_tokyo.arch,4,60,336,51
alu-v2_30,ibmq_tokyo.arch,6,60,320,38
alu-v2_30,ibmq_tokyo.arch,7,60,317,46
alu-v2_30,ibmq_tokyo.arch,9,60,316,44
alu-v2_30,ibmq_tokyo.arch,5,60,312,37
alu-v2_30,ibmq_tokyo.arch,8,60,319,40
alu-v2_30,ibmq_tokyo.arch,10,60,315,41
qft_16,ibmq_tokyo.arch,2,60,194,88
qft_16,ibmq_tokyo.arch,1,60,231,94
qft_16,ibmq_tokyo.arch,5,60,223,90
qft_16,ibmq_tokyo.arch,7,60,199,89
qft_16,ibmq_tokyo.arch,4,60,218,91
qft_16,ibmq_tokyo.arch,9,60,196,92
qft_16,ibmq_tokyo.arch,3,60,208,91
qft_16,ibmq_tokyo.arch,6,60,238,94
qft_16,ibmq_tokyo.arch,8,60,228,94
qft_16,ibmq_tokyo.arch,10,60,225,91
mod5adder_127,ibmq_tokyo.arch,1,60,330,43
mod5adder_127,ibmq_tokyo.arch,2,60,339,37
mod5adder_127,ibmq_tokyo.arch,4,60,329,39
mod5adder_127,ibmq_tokyo.arch,3,60,344,46
mod5adder_127,ibmq_tokyo.arch,5,60,339,41
mod5adder_127,ibmq_tokyo.arch,7,60,335,43
mod5adder_127,ibmq_tokyo.arch,9,60,331,38
mod5adder_127,ibmq_tokyo.arch,10,60,339,41
mod5adder_127,ibmq_tokyo.arch,6,60,329,39
mod5adder_127,ibmq_tokyo.arch,8,60,332,40
rd53_133,ibmq_tokyo.arch,1,60,358,48
rd53_133,ibmq_tokyo.arch,5,60,366,46
rd53_133,ibmq_tokyo.arch,4,60,372,59
rd53_133,ibmq_tokyo.arch,3,60,369,54
rd53_133,ibmq_tokyo.arch,2,60,360,52
rd53_133,ibmq_tokyo.arch,7,60,372,58
rd53_133,ibmq_tokyo.arch,6,60,376,58
rd53_133,ibmq_tokyo.arch,10,60,367,54
rd53_133,ibmq_tokyo.arch,8,60,373,54
rd53_133,ibmq_tokyo.arch,9,60,364,48
majority_239,ibmq_tokyo.arch,3,60,381,49
majority_239,ibmq_tokyo.arch,4,60,376,48
majority_239,ibmq_tokyo.arch,1,60,376,43
majority_239,ibmq_tokyo.arch,2,60,371,40
majority_239,ibmq_tokyo.arch,5,60,390,58
majority_239,ibmq_tokyo.arch,6,60,385,51
majority_239,ibmq_tokyo.arch,7,60,388,58
majority_239,ibmq_tokyo.arch,8,60,393,61
majority_239,ibmq_tokyo.arch,9,60,385,56
majority_239,ibmq_tokyo.arch,10,60,395,58
ex2_227,ibmq_tokyo.arch,1,60,415,70
ex2_227,ibmq_tokyo.arch,3,60,411,65
ex2_227,ibmq_tokyo.arch,2,60,402,66
ex2_227,ibmq_tokyo.arch,4,60,422,72
ex2_227,ibmq_tokyo.arch,6,60,412,66
ex2_227,ibmq_tokyo.arch,5,60,408,68
ex2_227,ibmq_tokyo.arch,7,60,419,79
ex2_227,ibmq_tokyo.arch,9,60,407,74
ex2_227,ibmq_tokyo.arch,8,60,415,80
ex2_227,ibmq_tokyo.arch,10,60,402,62
ising_model_13,ibmq_tokyo.arch,1,60,93,8
ising_model_13,ibmq_tokyo.arch,5,60,105,8
ising_model_13,ibmq_tokyo.arch,2,60,97,8
ising_model_13,ibmq_tokyo.arch,4,60,85,8
ising_model_13,ibmq_tokyo.arch,7,60,103,8
ising_model_13,ibmq_tokyo.arch,6,60,105,8
ising_model_13,ibmq_tokyo.arch,9,60,91,8
ising_model_13,ibmq_tokyo.arch,3,60,101,8
ising_model_13,ibmq_tokyo.arch,8,60,94,8
ising_model_13,ibmq_tokyo.arch,10,60,79,8
cm82a_208,ibmq_tokyo.arch,3,60,384,43
cm82a_208,ibmq_tokyo.arch,1,60,396,65
cm82a_208,ibmq_tokyo.arch,6,60,403,55
cm82a_208,ibmq_tokyo.arch,7,60,374,46
cm82a_208,ibmq_tokyo.arch,5,60,386,59
cm82a_208,ibmq_tokyo.arch,4,60,374,36
cm82a_208,ibmq_tokyo.arch,2,60,385,51
cm82a_208,ibmq_tokyo.arch,8,60,392,64
cm82a_208,ibmq_tokyo.arch,9,60,377,40
cm82a_208,ibmq_tokyo.arch,10,60,391,60
sf_276,ibmq_tokyo.arch,3,60,473,43
sf_276,ibmq_tokyo.arch,1,60,461,34
sf_276,ibmq_tokyo.arch,4,60,463,35
sf_276,ibmq_tokyo.arch,5,60,459,33
sf_276,ibmq_tokyo.arch,2,60,461,33
sf_276,ibmq_tokyo.arch,6,60,461,32
sf_276,ibmq_tokyo.arch,7,60,466,40
sf_276,ibmq_tokyo.arch,8,60,468,37
sf_276,ibmq_tokyo.arch,9,60,464,35
sf_276,ibmq_tokyo.arch,10,60,464,33
sf_274,ibmq_tokyo.arch,3,60,455,24
sf_274,ibmq_tokyo.arch,1,60,451,26
sf_274,ibmq_tokyo.arch,2,60,457,27
sf_274,ibmq_tokyo.arch,5,60,459,29
sf_274,ibmq_tokyo.arch,4,60,457,26
sf_274,ibmq_tokyo.arch,7,60,465,28
sf_274,ibmq_tokyo.arch,6,60,459,28
sf_274,ibmq_tokyo.arch,8,60,458,27
sf_274,ibmq_tokyo.arch,9,60,456,24
sf_274,ibmq_tokyo.arch,10,60,451,20
ising_model_16,ibmq_tokyo.arch,1,60,84,12
ising_model_16,ibmq_tokyo.arch,3,60,93,12
ising_model_16,ibmq_tokyo.arch,5,60,99,12
ising_model_16,ibmq_tokyo.arch,2,60,106,12
ising_model_16,ibmq_tokyo.arch,6,60,116,12
ising_model_16,ibmq_tokyo.arch,7,60,82,12
ising_model_16,ibmq_tokyo.arch,10,60,89,13
ising_model_16,ibmq_tokyo.arch,4,60,88,12
ising_model_16,ibmq_tokyo.arch,9,60,87,12
ising_model_16,ibmq_tokyo.arch,8,60,95,13
con1_216,ibmq_tokyo.arch,1,60,592,127
con1_216,ibmq_tokyo.arch,6,60,616,138
con1_216,ibmq_tokyo.arch,5,60,626,137
con1_216,ibmq_tokyo.arch,7,60,613,140
con1_216,ibmq_tokyo.arch,4,60,608,122
con1_216,ibmq_tokyo.arch,3,60,613,141
con1_216,ibmq_tokyo.arch,2,60,621,136
con1_216,ibmq_tokyo.arch,10,60,614,135
con1_216,ibmq_tokyo.arch,8,60,611,136
con1_216,ibmq_tokyo.arch,9,60,612,123
wim_266,ibmq_tokyo.arch,1,60,610,113
wim_266,ibmq_tokyo.arch,2,60,637,129
wim_266,ibmq_tokyo.arch,6,60,623,120
wim_266,ibmq_tokyo.arch,3,60,617,124
wim_266,ibmq_tokyo.arch,4,60,620,115
wim_266,ibmq_tokyo.arch,8,60,602,115
wim_266,ibmq_tokyo.arch,5,60,617,105
wim_266,ibmq_tokyo.arch,9,60,626,128
wim_266,ibmq_tokyo.arch,7,60,618,124
wim_266,ibmq_tokyo.arch,10,60,625,126
rd53_130,ibmq_tokyo.arch,1,60,684,143
rd53_130,ibmq_tokyo.arch,4,60,672,134
rd53_130,ibmq_tokyo.arch,7,60,686,141
rd53_130,ibmq_tokyo.arch,3,60,680,140
rd53_130,ibmq_tokyo.arch,6,60,694,140
rd53_130,ibmq_tokyo.arch,2,60,674,130
rd53_130,ibmq_tokyo.arch,5,60,668,125
rd53_130,ibmq_tokyo.arch,8,60,679,133
rd53_130,ibmq_tokyo.arch,10,60,676,130
rd53_130,ibmq_tokyo.arch,9,60,678,139
f2_232,ibmq_tokyo.arch,3,60,791,139
f2_232,ibmq_tokyo.arch,5,60,789,154
f2_232,ibmq_tokyo.arch,1,60,781,136
f2_232,ibmq_tokyo.arch,4,60,795,139
f2_232,ibmq_tokyo.arch,2,60,776,139
f2_232,ibmq_tokyo.arch,6,60,782,144
f2_232,ibmq_tokyo.arch,7,60,801,149
f2_232,ibmq_tokyo.arch,10,60,772,135
f2_232,ibmq_tokyo.arch,9,60,806,162
f2_232,ibmq_tokyo.arch,8,60,802,159
cm152a_212,ibmq_tokyo.arch,3,60,805,154
cm152a_212,ibmq_tokyo.arch,1,60,826,167
cm152a_212,ibmq_tokyo.arch,2,60,807,168
cm152a_212,ibmq_tokyo.arch,5,60,818,165
cm152a_212,ibmq_tokyo.arch,8,60,818,160
cm152a_212,ibmq_tokyo.arch,6,60,805,161
cm152a_212,ibmq_tokyo.arch,7,60,813,162
cm152a_212,ibmq_tokyo.arch,4,60,822,160
cm152a_212,ibmq_tokyo.arch,9,60,809,150
cm152a_212,ibmq_tokyo.arch,10,60,812,168
rd53_251,ibmq_tokyo.arch,6,60,853,168
rd53_251,ibmq_tokyo.arch,3,60,861,176
rd53_251,ibmq_tokyo.arch,1,60,860,176
rd53_251,ibmq_tokyo.arch,8,60,854,175
rd53_251,ibmq_tokyo.arch,2,60,846,163
rd53_251,ibmq_tokyo.arch,5,60,850,164
rd53_251,ibmq_tokyo.arch,7,60,862,182
rd53_251,ibmq_tokyo.arch,4,60,874,179
rd53_251,ibmq_tokyo.arch,10,60,861,168
rd53_251,ibmq_tokyo.arch,9,60,854,175
hwb5_53,ibmq_tokyo.arch,4,60,904,169
hwb5_53,ibmq_tokyo.arch,6,60,914,178
hwb5_53,ibmq_tokyo.arch,3,60,914,176
hwb5_53,ibmq_tokyo.arch,9,60,896,170
hwb5_53,ibmq_tokyo.arch,1,60,908,174
hwb5_53,ibmq_tokyo.arch,5,60,919,189
hwb5_53,ibmq_tokyo.arch,2,60,895,158
hwb5_53,ibmq_tokyo.arch,7,60,897,176
hwb5_53,ibmq_tokyo.arch,8,60,908,171
hwb5_53,ibmq_tokyo.arch,10,60,893,165
